<?xml version="1.0" encoding="UTF-8"?>
<Configuration status="WARN">
    <Properties>
        <Property name="basePath">./resources/logs</Property>
    </Properties>
    <Appenders>
        <Console name="Console" target="SYSTEM_OUT">
            <PatternLayout pattern="%d{HH:mm:ss.SSS} [%t] %-5level %logger{36} - %msg%n"/>
        </Console>
        <RollingFile
                name="rollingFile"
                fileName="./logs/application.log"
                filePattern="./logs/application.%i.log.gz"
                ignoreExceptions="false">
            <PatternLayout>
                <Pattern>%d{yyyy-MM-dd HH:mm:ss} %-5p %m%n</Pattern>
            </PatternLayout>
            <Policies>
                <SizeBasedTriggeringPolicy size="10MB" />
            </Policies>
            <DefaultRolloverStrategy max="5" />
        </RollingFile>
    </Appenders>
    <Loggers>
        <Root level="error">
            <AppenderRef ref="Console"/>
            <AppenderRef ref="rollingFile"/>
        </Root>
    </Loggers>
</Configuration>